Sample_ID,INDEX1_SEQUENCE,INDEX2_SEQUENCE
G4,GGGACATATTGA,AGTAGGGTCTTA
RC,AGTAGGGTCTTA,GGGACATATTGA
FS,TAAGACCCTACT,GGGACATATTGA
0_17,GACATTC,GTGTTCCT
0_19,ATTGCGT,ATGGAAGG
0_21,TAATGCC,TGACTGAC
1000_10,GTCGGTA,CGTATTCG
1000_6,ACCTGGA,AAGCACTG
1000_8,TCAGACG,TCAAGGAC
125_11,CAAGGTC,GCACGTAA
125_13,GTACCTT,GAGATACG
125_9,GTAACGA,GCTTAGCT
15_12,AAGCACT,ACCTGGAA
15_14,TCAAGGA,TCAGACGA
15_16,CGTATTC,GTCGGTAA
1_16,AACCGTT,ATTCCTCC
1_18,AACCTTG,GCTATCCT
1_20,AGGTGTA,CATGAGGA
250_10,TGGTACA,AGTCTGTG
250_12,GAATCCG,TAGTTGCG
250_8,GTACTCT,TGCTTCCA
2_15,GCTTAGC,GTAACGAC
2_17,GCACGTA,CAAGGTCT
2_19,GAGATAC,GTACCTTG
31_11,GTGTTCC,GACATTCC
31_13,ATGGAAG,ATTGCGTG
31_15,TGACTGA,TAATGCCG
4_14,TGCTTCC,GTACTCTC
4_16,AGTCTGT,TGGTACAG
4_18,TAGTTGC,GAATCCGA
500_11,AGGTCAC,CTCCTAGA
500_7,GGAGATG,CTAGCAAG
500_9,GATAGGC,GTTACGCA
62_10,ATTCCTC,AACCGTTC
62_12,GCTATCC,AACCTTGG
62_14,CATGAGG,AGGTGTAC
7_13,CTAGCAA,GGAGATGA
7_15,GTTACGC,GATAGGCT
7_17,CTCCTAG,AGGTCACT
