Sample_ID,Index1_Sequence,Index2_Sequence
G4,GGGACATATTGA,
RC,AGTAGGGTCTTA,
FS,TAAGACCCTACT,
0_17,GACATTC,
0_19,,
0_21,TAATGCC,
,GTCGGTA,
1000_6,ACCTGGA,
1000_8,TCAGACG,
125_11,CAAGGTC,
125_13,GTACCTT,
125_9,GTAACGA,
15_12,AAGCACT,
15_14,TCAAGGA,
15_16,CGTATTC,
1_16,AACCGTT,
1_18,AACCTTG,
1_20,AGGTGTA,
250_10,TGGTACA,
250_12,GAATCCG,
250_8,GTACTCT,
2_15,GCTTAGC,
2_17,GCACGTA,
2_19,GAGATAC,
31_11,GTGTTCC,
31_13,ATGGAAG,
31_15,TGACTGA,
4_14,TGCTTCC,
4_16,AGTCTGT,
4_18,TAGTTGC,
500_11,AGGTCAC,
500_7,GGAGATG,
500_9,GATAGGC,
62_10,ATTCCTC,
62_12,GCTATCC,
62_14,CATGAGG,
7_13,CTAGCAA,
7_15,GTTACGC,
7_17,CTCCTAG,
